id,name
L01998649,Anikó Biberos Villa Michel
L02889733,Marianela Yau Fugueman
L02785785,Francisco Javier Juan Stubbs Carson
L01716538,Miguel Enrique Farha Leigers
L01525656,Miguel Rodrigo Varona Mexía
L03208008,Lilia Isabel Emmery Colop
L03412824,Héctor Adán Rincón Bedean
L02369439,Sharon Jezabel Bellmann Grinnell
L02970697,Keila Estrella Luther Jaidar
L03717462,José Gerardo Fabiàn Madinabeitia Ibarguen
L01060287,Beatriz Genoveva Hepford Chimalpopoca
L01845847,Cesia Alejandra Casasus Machillot
L02979493,Cesar Tomás Gayol Joachin
L02079686,Fausto Evaristo Baranski de la Teja
L01378123,Takao Azani López Jaimes
L03682405,Stefanie Susana Tamés Retto De Queiroz
L01326627,Jorge Gildardo Somarriba Mandujano
L02567987,Reynaldo Yunuen Chaidez Yang
L02766015,Gerardo Ezequiel Monahan Payes
L01611743,Abel Fernando Walch Phillips
L02633699,Néstor Iván Mac Swiney Jordá
L02638443,Irma Denogean García del Real
L03237907,Vicente Javier Grafe Joachin
L01788519,Catherine Marta Uruchurtu Maguirre
L01347460,Silvia Guadalupe Weiss Iberri
L02715071,Jose Domingo Reis Millford
L02522415,María del Consuelo de Nuestra Señora de Guadalupe
L02804885,Luz América Baldridge Meli
L03663113,Norma Delia Licea Martínez y
L03480728,Sandeep Singh Minila Negrea
L02451291,Máximo Guillermo Varo Ferlan
L02951248,Liliana Abigail VanHooff Guirola
L02776665,Perla Marina Papp Lucero
L03248350,Miriam Vanessa Y Gómez Daza Mehaffy
L03451978,John Paul Cerviño Gurrola
L02000855,Carlos Gonzálo Rojí Terrones
L03989488,Karen Aide Duke Tomlinson
L01477251,Erick Bladimir Wald Lasowski Vital
L02108588,Tomás Ricardo Paczka YOUMBI FASSEU
L03125161,Mónica Leonor Alvarado Scharrer
L02766112,Blanca Estela Pietrini Lanzagorta
L01126960,Liliana Anahí Colton Lu
L01842226,Daniel Tadeo Belmontes Sharara
L03770382,Nitza Lucero Vigata Delhumeau
L01359393,Martha Fernanda Quillares Halderson
L03619607,Thania Cecilia Imhof Chá
L03660785,José Hector Arratia Sommer
L01898923,Silvia Denisse Carenzo Bhattacharya
L02466082,Cesar Ivan Amestoy Lluch
L03498047,Diego Geovanni Melchor Rosas
